epoch,binary_crossentropy,dice_coe,loss,val_binary_crossentropy,val_dice_coe,val_loss
0,0.603502094745636,0.22557468712329865,-0.22557468712329865,0.6993163228034973,0.2055402398109436,-0.2055402547121048
1,0.5532492995262146,0.38138845562934875,-0.38138848543167114,0.2791743278503418,0.32395225763320923,-0.32395225763320923
2,0.26932060718536377,0.5798922181129456,-0.5798921585083008,0.6073590517044067,0.010066411457955837,-0.010066410526633263
3,0.11375834792852402,0.7712159752845764,-0.7712159752845764,0.5634154081344604,0.02660231664776802,-0.02660231664776802
4,0.1055126041173935,0.8314976692199707,-0.8314976096153259,0.668515682220459,0.01519179716706276,-0.015191796235740185
5,0.0956014022231102,0.8627982139587402,-0.8627981543540955,0.7138553261756897,0.008417089469730854,-0.008417089469730854
6,0.09014543145895004,0.8804027438163757,-0.8804027438163757,0.7734382748603821,0.04717620834708214,-0.04717620834708214
7,0.0877382680773735,0.8890483975410461,-0.8890485167503357,0.8302353024482727,0.04982425272464752,-0.04982425644993782
8,0.0833219513297081,0.8973057270050049,-0.8973057270050049,0.8941060900688171,0.0004133345792070031,-0.00041333455010317266
9,0.08382328599691391,0.9007528424263,-0.9007529020309448,0.9025470018386841,0.0001340303133474663,-0.0001340303133474663
10,0.08430857211351395,0.903196394443512,-0.9031963348388672,0.9176537394523621,0.00012264249380677938,-0.00012264249380677938
11,0.08298250287771225,0.90692138671875,-0.9069214463233948,0.9566726684570312,0.0005121190333738923,-0.0005121190333738923
12,0.0821855217218399,0.9102714657783508,-0.910271406173706,0.9018405675888062,0.00015259909559972584,-0.00015259909559972584
13,0.080179862678051,0.9129226207733154,-0.9129225015640259,0.9304274320602417,0.041267815977334976,-0.041267819702625275
14,0.08085831254720688,0.9140312671661377,-0.9140312671661377,0.918592631816864,0.057657502591609955,-0.057657502591609955
15,0.08118265122175217,0.915079653263092,-0.9150797724723816,0.8103539347648621,0.1956160068511963,-0.19561602175235748
16,0.0789622887969017,0.9185428023338318,-0.9185428023338318,0.8389208912849426,0.10173065960407257,-0.10173066705465317
17,0.07575802505016327,0.9219983220100403,-0.9219983220100403,0.9326931238174438,0.15089723467826843,-0.15089723467826843
18,0.07171208411455154,0.9252492785453796,-0.9252491593360901,1.00253164768219,0.0640290305018425,-0.0640290230512619
19,0.07142927497625351,0.926551878452301,-0.9265519380569458,0.7817326784133911,0.31842750310897827,-0.3184274733066559
20,0.07036857306957245,0.9283139109611511,-0.9283139109611511,0.6181682348251343,0.48907744884490967,-0.4890774190425873
21,0.06959498673677444,0.9291877150535583,-0.9291876554489136,0.55028235912323,0.5733893513679504,-0.5733893513679504
22,0.06907494366168976,0.9303455352783203,-0.9303456544876099,0.6120730042457581,0.5181917548179626,-0.5181916952133179
23,0.06971844285726547,0.9303578734397888,-0.9303577542304993,0.4893593192100525,0.6258980631828308,-0.625898003578186
24,0.07033462077379227,0.930845320224762,-0.9308453798294067,0.3740161061286926,0.7261399626731873,-0.726140022277832
25,0.07232022285461426,0.9297168850898743,-0.9297168850898743,0.3850230574607849,0.7017907500267029,-0.7017906904220581
26,0.07081993669271469,0.9311915040016174,-0.9311915636062622,0.42008811235427856,0.6772669553756714,-0.6772669553756714
27,0.07037056982517242,0.9315280318260193,-0.9315280914306641,0.2784174382686615,0.8094614744186401,-0.8094614148139954
28,0.07272615283727646,0.9314187169075012,-0.931418776512146,0.24375009536743164,0.8250681757926941,-0.8250681161880493
29,0.0703803151845932,0.9328585267066956,-0.9328585267066956,0.2518993318080902,0.8210279941558838,-0.821027934551239
30,0.07277839630842209,0.9318475723266602,-0.9318476319313049,0.18802623450756073,0.863262414932251,-0.8632623553276062
31,0.07312241941690445,0.9321548938751221,-0.9321548342704773,0.2154756784439087,0.8482290506362915,-0.8482291102409363
32,0.07323416322469711,0.9322185516357422,-0.9322186708450317,0.31125408411026,0.813876211643219,-0.8138762712478638
33,0.07251905649900436,0.9328498244285583,-0.9328498244285583,0.22453638911247253,0.8544890880584717,-0.8544891476631165
34,0.07297133654356003,0.9336287975311279,-0.9336288571357727,0.18861952424049377,0.8730757832527161,-0.8730757832527161
35,0.06976723670959473,0.9362854361534119,-0.9362854361534119,0.16940411925315857,0.8760338425636292,-0.8760337829589844
36,0.06714283674955368,0.9377338886260986,-0.9377338886260986,0.18921618163585663,0.8696380853652954,-0.8696380853652954
37,0.06589372456073761,0.9390017986297607,-0.9390019178390503,0.15017405152320862,0.8922367095947266,-0.8922368288040161
38,0.06671956926584244,0.9389286041259766,-0.9389285445213318,0.16940656304359436,0.8861320614814758,-0.8861320614814758
39,0.0678139179944992,0.9386258125305176,-0.9386257529258728,0.2152673304080963,0.8679078817367554,-0.8679078817367554
40,0.07007365673780441,0.9373683333396912,-0.9373683333396912,0.18918219208717346,0.8808656930923462,-0.8808656930923462
41,0.07381618767976761,0.9362430572509766,-0.9362431764602661,0.16732041537761688,0.8894270658493042,-0.8894271850585938
42,0.07590944319963455,0.9355892539024353,-0.9355891346931458,0.1690213680267334,0.8921763896942139,-0.8921764492988586
43,0.0797228068113327,0.9331638216972351,-0.9331638216972351,0.20388993620872498,0.8760638236999512,-0.8760637044906616
44,0.08029539883136749,0.9328030943870544,-0.9328030943870544,0.19320684671401978,0.8798412680625916,-0.8798412084579468
45,0.08072248101234436,0.9319410920143127,-0.9319412112236023,0.19156582653522491,0.8838297128677368,-0.8838297128677368
46,0.07628372311592102,0.9348663687705994,-0.9348663091659546,0.16106046736240387,0.8990183472633362,-0.8990182876586914
47,0.07006633281707764,0.9386993050575256,-0.9386993050575256,0.14595216512680054,0.9034261703491211,-0.9034261703491211
48,0.06464102119207382,0.9418609738349915,-0.9418609142303467,0.1319679617881775,0.9094427824020386,-0.9094427824020386
49,0.06190656125545502,0.9440657496452332,-0.9440657496452332,0.13233555853366852,0.9092357754707336,-0.9092357754707336
